Field,WER
Bill_Number,0.33962264150943394
Date,0.9622641509433962
Bill_Amount,0.1320754716981132
Time,0.5188679245283019
Bill_Category,0.22641509433962265
